-- MariaDB dump 10.17  Distrib 10.4.11-MariaDB, for osx10.14 (x86_64)
--
-- Host: localhost    Database: skolan
-- ------------------------------------------------------
-- Server version	8.0.19

/*!40101 SET @OLD_CHARACTER_SET_CLIENT=@@CHARACTER_SET_CLIENT */;
/*!40101 SET @OLD_CHARACTER_SET_RESULTS=@@CHARACTER_SET_RESULTS */;
/*!40101 SET @OLD_COLLATION_CONNECTION=@@COLLATION_CONNECTION */;
/*!40101 SET NAMES utf8mb4 */;
/*!40103 SET @OLD_TIME_ZONE=@@TIME_ZONE */;
/*!40103 SET TIME_ZONE='+00:00' */;
/*!40014 SET @OLD_UNIQUE_CHECKS=@@UNIQUE_CHECKS, UNIQUE_CHECKS=0 */;
/*!40014 SET @OLD_FOREIGN_KEY_CHECKS=@@FOREIGN_KEY_CHECKS, FOREIGN_KEY_CHECKS=0 */;
/*!40101 SET @OLD_SQL_MODE=@@SQL_MODE, SQL_MODE='NO_AUTO_VALUE_ON_ZERO' */;
/*!40111 SET @OLD_SQL_NOTES=@@SQL_NOTES, SQL_NOTES=0 */;

--
-- Table structure for table `kurs`
--

DROP TABLE IF EXISTS `kurs`;
/*!40101 SET @saved_cs_client     = @@character_set_client */;
/*!40101 SET character_set_client = utf8 */;
CREATE TABLE `kurs` (
  `kod` char(6) COLLATE utf8_swedish_ci NOT NULL,
  `namn` varchar(40) COLLATE utf8_swedish_ci NOT NULL,
  `poang` float NOT NULL,
  `niva` char(3) COLLATE utf8_swedish_ci NOT NULL,
  PRIMARY KEY (`kod`)
) ENGINE=InnoDB DEFAULT CHARSET=utf8 COLLATE=utf8_swedish_ci;
/*!40101 SET character_set_client = @saved_cs_client */;

--
-- Dumping data for table `kurs`
--

LOCK TABLES `kurs` WRITE;
/*!40000 ALTER TABLE `kurs` DISABLE KEYS */;
INSERT INTO `kurs` VALUES ('AST101','Astronomi',5,'G1N'),('DJU101','Skötsel och vård av magiska djur',4,'G1F'),('DRY101','Trolldryckslära',6,'G1N'),('DRY102','Trolldryckslära',6,'G1F'),('KVA101','Kvastflygning',4,'G1N'),('MUG101','Mugglarstudier',6,'G1F'),('SVT101','Försvar mot svartkonster',8,'G1N'),('SVT201','Försvar mot svartkonster',6,'G1F'),('SVT202','Försvar mot svartkonster',6,'G1F'),('SVT401','Försvar mot svartkonster',6,'G2F'),('VAN101','Förvandlingskonst',5,'G1F');
/*!40000 ALTER TABLE `kurs` ENABLE KEYS */;
UNLOCK TABLES;

--
-- Table structure for table `kurstillfalle`
--

DROP TABLE IF EXISTS `kurstillfalle`;
/*!40101 SET @saved_cs_client     = @@character_set_client */;
/*!40101 SET character_set_client = utf8 */;
CREATE TABLE `kurstillfalle` (
  `id` int NOT NULL AUTO_INCREMENT,
  `kurskod` char(6) COLLATE utf8_swedish_ci NOT NULL,
  `kursansvarig` char(3) COLLATE utf8_swedish_ci NOT NULL,
  `lasperiod` int NOT NULL,
  PRIMARY KEY (`id`),
  KEY `kurskod` (`kurskod`),
  KEY `kursansvarig` (`kursansvarig`),
  CONSTRAINT `kurstillfalle_ibfk_1` FOREIGN KEY (`kurskod`) REFERENCES `kurs` (`kod`),
  CONSTRAINT `kurstillfalle_ibfk_2` FOREIGN KEY (`kursansvarig`) REFERENCES `larare` (`akronym`)
) ENGINE=InnoDB AUTO_INCREMENT=16 DEFAULT CHARSET=utf8 COLLATE=utf8_swedish_ci;
/*!40101 SET character_set_client = @saved_cs_client */;

--
-- Dumping data for table `kurstillfalle`
--

LOCK TABLES `kurstillfalle` WRITE;
/*!40000 ALTER TABLE `kurstillfalle` DISABLE KEYS */;
INSERT INTO `kurstillfalle` VALUES (1,'SVT101','gyl',1),(2,'SVT101','gyl',3),(3,'SVT201','ala',1),(4,'SVT202','ala',2),(5,'SVT401','sna',1),(6,'KVA101','hoc',1),(7,'DJU101','hag',3),(8,'DRY101','sna',2),(9,'DRY102','sna',3),(10,'MUG101','min',4);
/*!40000 ALTER TABLE `kurstillfalle` ENABLE KEYS */;
UNLOCK TABLES;

--
-- Table structure for table `larare`
--

DROP TABLE IF EXISTS `larare`;
/*!40101 SET @saved_cs_client     = @@character_set_client */;
/*!40101 SET character_set_client = utf8 */;
CREATE TABLE `larare` (
  `akronym` char(3) COLLATE utf8_swedish_ci NOT NULL,
  `avdelning` char(4) COLLATE utf8_swedish_ci NOT NULL,
  `fornamn` varchar(20) COLLATE utf8_swedish_ci NOT NULL,
  `efternamn` varchar(20) COLLATE utf8_swedish_ci NOT NULL,
  `kon` char(1) COLLATE utf8_swedish_ci NOT NULL,
  `kompetens` int NOT NULL DEFAULT '1',
  `lon` int DEFAULT NULL,
  `fodd` date NOT NULL,
  PRIMARY KEY (`akronym`)
) ENGINE=InnoDB DEFAULT CHARSET=utf8 COLLATE=utf8_swedish_ci;
/*!40101 SET character_set_client = @saved_cs_client */;

--
-- Dumping data for table `larare`
--

LOCK TABLES `larare` WRITE;
/*!40000 ALTER TABLE `larare` DISABLE KEYS */;
INSERT INTO `larare` VALUES ('ala','DIPT','Alastor','Moody','M',1,27594,'1943-04-03'),('dum','ADM','Albus','Dumbledore','M',7,85000,'1941-04-01'),('fil','ADM','Argus','Filch','M',3,27594,'1946-04-06'),('gyl','DIPT','Gyllenroy','Lockman','M',1,27594,'1952-05-02'),('hag','ADM','Hagrid','Rubeus','M',2,30000,'1956-05-06'),('hoc','DIDD','Madam','Hooch','K',1,37580,'1948-04-08'),('min','DIDD','Minerva','McGonagall','K',2,49880,'1955-05-05'),('sna','DIPT','Severus','Snape','M',2,45000,'1951-05-01');
/*!40000 ALTER TABLE `larare` ENABLE KEYS */;
UNLOCK TABLES;

--
-- Table structure for table `larare_pre`
--

DROP TABLE IF EXISTS `larare_pre`;
/*!40101 SET @saved_cs_client     = @@character_set_client */;
/*!40101 SET character_set_client = utf8 */;
CREATE TABLE `larare_pre` (
  `akronym` char(3) COLLATE utf8_swedish_ci NOT NULL,
  `avdelning` char(4) COLLATE utf8_swedish_ci NOT NULL,
  `fornamn` varchar(20) COLLATE utf8_swedish_ci NOT NULL,
  `efternamn` varchar(20) COLLATE utf8_swedish_ci NOT NULL,
  `kon` char(1) COLLATE utf8_swedish_ci NOT NULL,
  `kompetens` int NOT NULL DEFAULT '1',
  `lon` int DEFAULT NULL,
  `fodd` date NOT NULL,
  PRIMARY KEY (`akronym`)
) ENGINE=InnoDB DEFAULT CHARSET=utf8 COLLATE=utf8_swedish_ci;
/*!40101 SET character_set_client = @saved_cs_client */;

--
-- Dumping data for table `larare_pre`
--

LOCK TABLES `larare_pre` WRITE;
/*!40000 ALTER TABLE `larare_pre` DISABLE KEYS */;
INSERT INTO `larare_pre` VALUES ('ala','DIPT','Alastor','Moody','M',1,30000,'1943-04-03'),('dum','ADM','Albus','Dumbledore','M',1,80000,'1941-04-01'),('fil','ADM','Argus','Filch','M',1,25000,'1946-04-06'),('gyl','DIPT','Gyllenroy','Lockman','M',1,30000,'1952-05-02'),('hag','ADM','Hagrid','Rubeus','M',1,25000,'1956-05-06'),('hoc','DIDD','Madam','Hooch','K',1,35000,'1948-04-08'),('min','DIDD','Minerva','McGonagall','K',1,40000,'1955-05-05'),('sna','DIPT','Severus','Snape','M',1,40000,'1951-05-01');
/*!40000 ALTER TABLE `larare_pre` ENABLE KEYS */;
UNLOCK TABLES;

--
-- Table structure for table `person`
--

DROP TABLE IF EXISTS `person`;
/*!40101 SET @saved_cs_client     = @@character_set_client */;
/*!40101 SET character_set_client = utf8 */;
CREATE TABLE `person` (
  `fornamn` varchar(10) CHARACTER SET utf8 COLLATE utf8_swedish_ci DEFAULT NULL
) ENGINE=InnoDB DEFAULT CHARSET=utf8 COLLATE=utf8_swedish_ci;
/*!40101 SET character_set_client = @saved_cs_client */;

--
-- Dumping data for table `person`
--

LOCK TABLES `person` WRITE;
/*!40000 ALTER TABLE `person` DISABLE KEYS */;
INSERT INTO `person` VALUES ('Örjan'),('Börje'),('Bo'),('Øjvind'),('Åke'),('Åkesson'),('Arne'),('Ängla'),('Ægir');
/*!40000 ALTER TABLE `person` ENABLE KEYS */;
UNLOCK TABLES;

--
-- Temporary table structure for view `v_larare`
--

DROP TABLE IF EXISTS `v_larare`;
/*!50001 DROP VIEW IF EXISTS `v_larare`*/;
SET @saved_cs_client     = @@character_set_client;
SET character_set_client = utf8;
/*!50001 CREATE TABLE `v_larare` (
  `akronym` tinyint NOT NULL,
  `avdelning` tinyint NOT NULL,
  `fornamn` tinyint NOT NULL,
  `efternamn` tinyint NOT NULL,
  `kon` tinyint NOT NULL,
  `lon` tinyint NOT NULL,
  `fodd` tinyint NOT NULL,
  `alder` tinyint NOT NULL
) ENGINE=MyISAM */;
SET character_set_client = @saved_cs_client;

--
-- Temporary table structure for view `v_lonerevision`
--

DROP TABLE IF EXISTS `v_lonerevision`;
/*!50001 DROP VIEW IF EXISTS `v_lonerevision`*/;
SET @saved_cs_client     = @@character_set_client;
SET character_set_client = utf8;
/*!50001 CREATE TABLE `v_lonerevision` (
  `akronym` tinyint NOT NULL,
  `namn` tinyint NOT NULL,
  `pre-lonerev.` tinyint NOT NULL,
  `lon-nu` tinyint NOT NULL,
  `diff` tinyint NOT NULL,
  `procent` tinyint NOT NULL,
  `mini` tinyint NOT NULL
) ENGINE=MyISAM */;
SET character_set_client = @saved_cs_client;

--
-- Temporary table structure for view `v_name_alder`
--

DROP TABLE IF EXISTS `v_name_alder`;
/*!50001 DROP VIEW IF EXISTS `v_name_alder`*/;
SET @saved_cs_client     = @@character_set_client;
SET character_set_client = utf8;
/*!50001 CREATE TABLE `v_name_alder` (
  `Namn` tinyint NOT NULL,
  `alder` tinyint NOT NULL
) ENGINE=MyISAM */;
SET character_set_client = @saved_cs_client;

--
-- Temporary table structure for view `v_planering`
--

DROP TABLE IF EXISTS `v_planering`;
/*!50001 DROP VIEW IF EXISTS `v_planering`*/;
SET @saved_cs_client     = @@character_set_client;
SET character_set_client = utf8;
/*!50001 CREATE TABLE `v_planering` (
  `kod` tinyint NOT NULL,
  `namn` tinyint NOT NULL,
  `poang` tinyint NOT NULL,
  `niva` tinyint NOT NULL,
  `id` tinyint NOT NULL,
  `kurskod` tinyint NOT NULL,
  `kursansvarig` tinyint NOT NULL,
  `lasperiod` tinyint NOT NULL,
  `akronym` tinyint NOT NULL,
  `avdelning` tinyint NOT NULL,
  `fornamn` tinyint NOT NULL,
  `efternamn` tinyint NOT NULL,
  `kon` tinyint NOT NULL,
  `kompetens` tinyint NOT NULL,
  `lon` tinyint NOT NULL,
  `fodd` tinyint NOT NULL
) ENGINE=MyISAM */;
SET character_set_client = @saved_cs_client;

--
-- Final view structure for view `v_larare`
--

/*!50001 DROP TABLE IF EXISTS `v_larare`*/;
/*!50001 DROP VIEW IF EXISTS `v_larare`*/;
/*!50001 SET @saved_cs_client          = @@character_set_client */;
/*!50001 SET @saved_cs_results         = @@character_set_results */;
/*!50001 SET @saved_col_connection     = @@collation_connection */;
/*!50001 SET character_set_client      = utf8 */;
/*!50001 SET character_set_results     = utf8 */;
/*!50001 SET collation_connection      = utf8_general_ci */;
/*!50001 CREATE ALGORITHM=UNDEFINED */
/*!50013 DEFINER=`user`@`%` SQL SECURITY DEFINER */
/*!50001 VIEW `v_larare` AS select `larare`.`akronym` AS `akronym`,`larare`.`avdelning` AS `avdelning`,`larare`.`fornamn` AS `fornamn`,`larare`.`efternamn` AS `efternamn`,`larare`.`kon` AS `kon`,`larare`.`lon` AS `lon`,`larare`.`fodd` AS `fodd`,timestampdiff(YEAR,`larare`.`fodd`,curdate()) AS `alder` from `larare` */;
/*!50001 SET character_set_client      = @saved_cs_client */;
/*!50001 SET character_set_results     = @saved_cs_results */;
/*!50001 SET collation_connection      = @saved_col_connection */;

--
-- Final view structure for view `v_lonerevision`
--

/*!50001 DROP TABLE IF EXISTS `v_lonerevision`*/;
/*!50001 DROP VIEW IF EXISTS `v_lonerevision`*/;
/*!50001 SET @saved_cs_client          = @@character_set_client */;
/*!50001 SET @saved_cs_results         = @@character_set_results */;
/*!50001 SET @saved_col_connection     = @@collation_connection */;
/*!50001 SET character_set_client      = utf8 */;
/*!50001 SET character_set_results     = utf8 */;
/*!50001 SET collation_connection      = utf8_general_ci */;
/*!50001 CREATE ALGORITHM=UNDEFINED */
/*!50013 DEFINER=`user`@`%` SQL SECURITY DEFINER */
/*!50001 VIEW `v_lonerevision` AS select `l`.`akronym` AS `akronym`,concat(`l`.`fornamn`,' ',`l`.`efternamn`) AS `namn`,`p`.`lon` AS `pre-lonerev.`,`l`.`lon` AS `lon-nu`,(`l`.`lon` - `p`.`lon`) AS `diff`,round((((`l`.`lon` - `p`.`lon`) / `p`.`lon`) * 100),2) AS `procent`,(case when (round((((`l`.`lon` - `p`.`lon`) / `p`.`lon`) * 100),2) < 3.00) then 'not ok' else 'ok' end) AS `mini` from (`larare` `l` join `larare_pre` `p` on((`l`.`akronym` = `p`.`akronym`))) order by round((((`l`.`lon` - `p`.`lon`) / `p`.`lon`) * 100),2) desc */;
/*!50001 SET character_set_client      = @saved_cs_client */;
/*!50001 SET character_set_results     = @saved_cs_results */;
/*!50001 SET collation_connection      = @saved_col_connection */;

--
-- Final view structure for view `v_name_alder`
--

/*!50001 DROP TABLE IF EXISTS `v_name_alder`*/;
/*!50001 DROP VIEW IF EXISTS `v_name_alder`*/;
/*!50001 SET @saved_cs_client          = @@character_set_client */;
/*!50001 SET @saved_cs_results         = @@character_set_results */;
/*!50001 SET @saved_col_connection     = @@collation_connection */;
/*!50001 SET character_set_client      = utf8 */;
/*!50001 SET character_set_results     = utf8 */;
/*!50001 SET collation_connection      = utf8_general_ci */;
/*!50001 CREATE ALGORITHM=UNDEFINED */
/*!50013 DEFINER=`user`@`%` SQL SECURITY DEFINER */
/*!50001 VIEW `v_name_alder` AS select concat(`larare`.`fornamn`,' ',`larare`.`efternamn`,' (',lower(`larare`.`avdelning`),')') AS `Namn`,timestampdiff(YEAR,`larare`.`fodd`,curdate()) AS `alder` from `larare` */;
/*!50001 SET character_set_client      = @saved_cs_client */;
/*!50001 SET character_set_results     = @saved_cs_results */;
/*!50001 SET collation_connection      = @saved_col_connection */;

--
-- Final view structure for view `v_planering`
--

/*!50001 DROP TABLE IF EXISTS `v_planering`*/;
/*!50001 DROP VIEW IF EXISTS `v_planering`*/;
/*!50001 SET @saved_cs_client          = @@character_set_client */;
/*!50001 SET @saved_cs_results         = @@character_set_results */;
/*!50001 SET @saved_col_connection     = @@collation_connection */;
/*!50001 SET character_set_client      = utf8 */;
/*!50001 SET character_set_results     = utf8 */;
/*!50001 SET collation_connection      = utf8_general_ci */;
/*!50001 CREATE ALGORITHM=UNDEFINED */
/*!50013 DEFINER=`user`@`%` SQL SECURITY DEFINER */
/*!50001 VIEW `v_planering` AS select `k`.`kod` AS `kod`,`k`.`namn` AS `namn`,`k`.`poang` AS `poang`,`k`.`niva` AS `niva`,`kt`.`id` AS `id`,`kt`.`kurskod` AS `kurskod`,`kt`.`kursansvarig` AS `kursansvarig`,`kt`.`lasperiod` AS `lasperiod`,`l`.`akronym` AS `akronym`,`l`.`avdelning` AS `avdelning`,`l`.`fornamn` AS `fornamn`,`l`.`efternamn` AS `efternamn`,`l`.`kon` AS `kon`,`l`.`kompetens` AS `kompetens`,`l`.`lon` AS `lon`,`l`.`fodd` AS `fodd` from ((`kurs` `k` join `kurstillfalle` `kt` on((`k`.`kod` = `kt`.`kurskod`))) join `larare` `l` on((`l`.`akronym` = `kt`.`kursansvarig`))) order by `k`.`namn` */;
/*!50001 SET character_set_client      = @saved_cs_client */;
/*!50001 SET character_set_results     = @saved_cs_results */;
/*!50001 SET collation_connection      = @saved_col_connection */;
/*!40103 SET TIME_ZONE=@OLD_TIME_ZONE */;

/*!40101 SET SQL_MODE=@OLD_SQL_MODE */;
/*!40014 SET FOREIGN_KEY_CHECKS=@OLD_FOREIGN_KEY_CHECKS */;
/*!40014 SET UNIQUE_CHECKS=@OLD_UNIQUE_CHECKS */;
/*!40101 SET CHARACTER_SET_CLIENT=@OLD_CHARACTER_SET_CLIENT */;
/*!40101 SET CHARACTER_SET_RESULTS=@OLD_CHARACTER_SET_RESULTS */;
/*!40101 SET COLLATION_CONNECTION=@OLD_COLLATION_CONNECTION */;
/*!40111 SET SQL_NOTES=@OLD_SQL_NOTES */;

-- Dump completed on 2020-07-20 22:34:26
